Workbook

Sheet Readme
A1: This verification plan is NOT intended to be considered complete nor standalone.
A2: It is covering all the missing feature that formal verification was not able to verify for various reasons (complexity, run time, …)
A3: Please also refer to the corresponding Formal Verification Plans to have a complete view on what is verified.

Sheet XPULP_POSTINC_LOAD-STORE
A1: Requirement Location | B1: Feature | C1: Sub Feature | D1: Feature Description | E1: Verification Goal | F1: Pass/Fail Criteria | G1: Test-Program Type | H1: UVM Test Config | I1: Coverage Method | J1: Test-Program(s) Name(s) | K1: Link to Coverage | L1: Comments | M1: GVSOC ISS Status | N1: GVSOC Witness (lane [config] verdetto gate) | O1: GVSOC Note
A2: CV32E40P User Manual - Chapter 18.1.1 | B2: Load Operations - Register-Immediate Loads with Post-Increment | C2: CV.LB.II | D2: cv.lb rD, Imm(rs1!) rD = Sext(Mem8(rs1)) rs1 += Sext(Imm[11:0]) | E2: Register operands All possible rs1 registers are used. All possible rD registers are used. All possible register combinations where first operand is the destination register of the previous instruction | F2: Check against RM | G2: Constrained-Random | H2: see CV32E40Pv2_test_list.xlsx | I2: Functional Coverage | J2: corev_rand_pulp_instr_test pulp_post_increment_load_store | K2: =SUBSTITUTE(DONOTDELETE!$A$14,"INSTR",SUBSTITUTE(LOWER($C2),".","_")) & IF(ISNUMBER(SEARCH("rs2",D2)),CHAR(10) & SUBSTITUTE(DONOTDELETE!$A$17,"INSTR",SUBSTITUTE(LOWER($C2),".","_")),"") | M2: COVERED-GVSOC | N2: corev_rand_pulp_instr_test:A/C2 pulp_post_increment_load_store:A/C1
E3: coverage: All bits of rs1 are toggled All bits of Imm12 are toggled All bits of rD are toggled | F3: Check against RM | G3: Constrained-Random | H3: see CV32E40Pv2_test_list.xlsx | I3: Functional Coverage | J3: corev_rand_pulp_instr_test pulp_post_increment_load_store | K3: =SUBSTITUTE(DONOTDELETE!$A$15,"INSTR",SUBSTITUTE(LOWER($C2),".","_")) & IF(ISNUMBER(SEARCH("rs2",D2)),CHAR(10) & SUBSTITUTE(DONOTDELETE!$A$18,"INSTR",SUBSTITUTE(LOWER($C2),".","_")),"") | L3: Toggle is not a requirement of CV32E40Pv2 verification, but the corresponding coverage from the Reference Model Coverage Package exists and is given for reference purposes only. Immediate toggle coverage is missing from Reference Model Coverage Package. | M3: COVERED-GVSOC | N3: corev_rand_pulp_instr_test:A/C2 pulp_post_increment_load_store:A/C1
E4: Constraints: The instructions generated are precedeed by a multicycle F instruction | F4: Check against RM | G4: Constrained-Random | H4: see CV32E40Pv2_test_list.xlsx | I4: Functional Coverage | J4: corev_rand_fp_instr_mlt_cyc_test | M4: COVERED-GVSOC | N4: corev_rand_fp_instr_mlt_cyc_test:A
C5: CV.LBU.II | D5: cv.lbu rD, Imm(rs1!) rD = Zext(Mem8(rs1)) rs1 += Sext(Imm[11:0]) | E5: Register operands All possible rs1 registers are used. All possible rD registers are used. All possible register combinations where first operand is the destination register of the previous instruction | F5: Check against RM | G5: Constrained-Random | H5: see CV32E40Pv2_test_list.xlsx | I5: Functional Coverage | J5: corev_rand_pulp_instr_test pulp_post_increment_load_store | K5: =SUBSTITUTE(DONOTDELETE!$A$14,"INSTR",SUBSTITUTE(LOWER($C5),".","_")) & IF(ISNUMBER(SEARCH("rs2",D5)),CHAR(10) & SUBSTITUTE(DONOTDELETE!$A$17,"INSTR",SUBSTITUTE(LOWER($C5),".","_")),"") | M5: COVERED-GVSOC | N5: corev_rand_pulp_instr_test:A/C2 pulp_post_increment_load_store:A/C1
E6: coverage: All bits of rs1 are toggled All bits of Imm12 are toggled All bits of rD are toggled | F6: Check against RM | G6: Constrained-Random | H6: see CV32E40Pv2_test_list.xlsx | I6: Functional Coverage | J6: corev_rand_pulp_instr_test pulp_post_increment_load_store | K6: =SUBSTITUTE(DONOTDELETE!$A$15,"INSTR",SUBSTITUTE(LOWER($C5),".","_")) & IF(ISNUMBER(SEARCH("rs2",D5)),CHAR(10) & SUBSTITUTE(DONOTDELETE!$A$18,"INSTR",SUBSTITUTE(LOWER($C5),".","_")),"") | L6: Toggle is not a requirement of CV32E40Pv2 verification, but the corresponding coverage from the Reference Model Coverage Package exists and is given for reference purposes only. Immediate toggle coverage is missing from Reference Model Coverage Package. | M6: COVERED-GVSOC | N6: corev_rand_pulp_instr_test:A/C2 pulp_post_increment_load_store:A/C1
E7: Constraints: The instructions generated are precedeed by a multicycle F instruction | F7: Check against RM | G7: Constrained-Random | H7: see CV32E40Pv2_test_list.xlsx | I7: Functional Coverage | J7: corev_rand_fp_instr_mlt_cyc_test | M7: COVERED-GVSOC | N7: corev_rand_fp_instr_mlt_cyc_test:A
C8: CV.LH.II | D8: cv.lh rD, Imm(rs1!) rD = Sext(Mem16(rs1)) rs1 += Sext(Imm[11:0]) | E8: Register operands All possible rs1 registers are used. All possible rD registers are used. All possible register combinations where first operand is the destination register of the previous instruction | F8: Check against RM | G8: Constrained-Random | H8: see CV32E40Pv2_test_list.xlsx | I8: Functional Coverage | J8: corev_rand_pulp_instr_test pulp_post_increment_load_store | K8: =SUBSTITUTE(DONOTDELETE!$A$14,"INSTR",SUBSTITUTE(LOWER($C8),".","_")) & IF(ISNUMBER(SEARCH("rs2",D8)),CHAR(10) & SUBSTITUTE(DONOTDELETE!$A$17,"INSTR",SUBSTITUTE(LOWER($C8),".","_")),"") | M8: COVERED-GVSOC | N8: corev_rand_pulp_instr_test:A/C2 pulp_post_increment_load_store:A/C1
E9: coverage: All bits of rs1 are toggled All bits of Imm12 are toggled All bits of rD are toggled | F9: Check against RM | G9: Constrained-Random | H9: see CV32E40Pv2_test_list.xlsx | I9: Functional Coverage | J9: corev_rand_pulp_instr_test pulp_post_increment_load_store | K9: =SUBSTITUTE(DONOTDELETE!$A$15,"INSTR",SUBSTITUTE(LOWER($C8),".","_")) & IF(ISNUMBER(SEARCH("rs2",D8)),CHAR(10) & SUBSTITUTE(DONOTDELETE!$A$18,"INSTR",SUBSTITUTE(LOWER($C8),".","_")),"") | L9: Toggle is not a requirement of CV32E40Pv2 verification, but the corresponding coverage from the Reference Model Coverage Package exists and is given for reference purposes only. Immediate toggle coverage is missing from Reference Model Coverage Package. | M9: COVERED-GVSOC | N9: corev_rand_pulp_instr_test:A/C2 pulp_post_increment_load_store:A/C1
E10: Constraints: The instructions generated are precedeed by a multicycle F instruction | F10: Check against RM | G10: Constrained-Random | H10: see CV32E40Pv2_test_list.xlsx | I10: Functional Coverage | J10: corev_rand_fp_instr_mlt_cyc_test | M10: COVERED-GVSOC | N10: corev_rand_fp_instr_mlt_cyc_test:A
C11: CV.LHU.II | D11: cv.lhu rD, Imm(rs1!) rD = Zext(Mem16(rs1)) rs1 += Sext(Imm[11:0]) | E11: Register operands All possible rs1 registers are used. All possible rD registers are used. All possible register combinations where first operand is the destination register of the previous instruction | F11: Check against RM | G11: Constrained-Random | H11: see CV32E40Pv2_test_list.xlsx | I11: Functional Coverage | J11: corev_rand_pulp_instr_test pulp_post_increment_load_store | K11: =SUBSTITUTE(DONOTDELETE!$A$14,"INSTR",SUBSTITUTE(LOWER($C11),".","_")) & IF(ISNUMBER(SEARCH("rs2",D11)),CHAR(10) & SUBSTITUTE(DONOTDELETE!$A$17,"INSTR",SUBSTITUTE(LOWER($C11),".","_")),"") | M11: COVERED-GVSOC | N11: corev_rand_pulp_instr_test:A/C2 pulp_post_increment_load_store:A/C1
E12: coverage: All bits of rs1 are toggled All bits of Imm12 are toggled All bits of rD are toggled | F12: Check against RM | G12: Constrained-Random | H12: see CV32E40Pv2_test_list.xlsx | I12: Functional Coverage | J12: corev_rand_pulp_instr_test pulp_post_increment_load_store | K12: =SUBSTITUTE(DONOTDELETE!$A$15,"INSTR",SUBSTITUTE(LOWER($C11),".","_")) & IF(ISNUMBER(SEARCH("rs2",D11)),CHAR(10) & SUBSTITUTE(DONOTDELETE!$A$18,"INSTR",SUBSTITUTE(LOWER($C11),".","_")),"") | L12: Toggle is not a requirement of CV32E40Pv2 verification, but the corresponding coverage from the Reference Model Coverage Package exists and is given for reference purposes only. Immediate toggle coverage is missing from Reference Model Coverage Package. | M12: COVERED-GVSOC | N12: corev_rand_pulp_instr_test:A/C2 pulp_post_increment_load_store:A/C1
E13: Constraints: The instructions generated are precedeed by a multicycle F instruction | F13: Check against RM | G13: Constrained-Random | H13: see CV32E40Pv2_test_list.xlsx | I13: Functional Coverage | J13: corev_rand_fp_instr_mlt_cyc_test | M13: COVERED-GVSOC | N13: corev_rand_fp_instr_mlt_cyc_test:A
C14: CV.LW.II | D14: cv.lw rD, Imm(rs1!) rD = Mem32(rs1) rs1 += Sext(Imm[11:0]) | E14: Register operands All possible rs1 registers are used. All possible rD registers are used. All possible register combinations where first operand is the destination register of the previous instruction | F14: Check against RM | G14: Constrained-Random | H14: see CV32E40Pv2_test_list.xlsx | I14: Functional Coverage | J14: corev_rand_pulp_instr_test pulp_post_increment_load_store | K14: =SUBSTITUTE(DONOTDELETE!$A$14,"INSTR",SUBSTITUTE(LOWER($C14),".","_")) & IF(ISNUMBER(SEARCH("rs2",D14)),CHAR(10) & SUBSTITUTE(DONOTDELETE!$A$17,"INSTR",SUBSTITUTE(LOWER($C14),".","_")),"") | M14: COVERED-GVSOC | N14: corev_rand_pulp_instr_test:A/C2 pulp_post_increment_load_store:A/C1
E15: coverage: All bits of rs1 are toggled All bits of Imm12 are toggled All bits of rD are toggled | F15: Check against RM | G15: Constrained-Random | H15: see CV32E40Pv2_test_list.xlsx | I15: Functional Coverage | J15: corev_rand_pulp_instr_test pulp_post_increment_load_store | K15: =SUBSTITUTE(DONOTDELETE!$A$15,"INSTR",SUBSTITUTE(LOWER($C14),".","_")) & IF(ISNUMBER(SEARCH("rs2",D14)),CHAR(10) & SUBSTITUTE(DONOTDELETE!$A$18,"INSTR",SUBSTITUTE(LOWER($C14),".","_")),"") | L15: Toggle is not a requirement of CV32E40Pv2 verification, but the corresponding coverage from the Reference Model Coverage Package exists and is given for reference purposes only. Immediate toggle coverage is missing from Reference Model Coverage Package. | M15: COVERED-GVSOC | N15: corev_rand_pulp_instr_test:A/C2 pulp_post_increment_load_store:A/C1
E16: Constraints: The instructions generated are precedeed by a multicycle F instruction | F16: Check against RM | G16: Constrained-Random | H16: see CV32E40Pv2_test_list.xlsx | I16: Functional Coverage | J16: corev_rand_fp_instr_mlt_cyc_test | M16: COVERED-GVSOC | N16: corev_rand_fp_instr_mlt_cyc_test:A
B17: Load Operations - Register-Register Loads with Post-Increment | C17: CV.LB.RI | D17: cv.lb rD, rs2(rs1!) rD = Sext(Mem8(rs1)) rs1 += rs2 | E17: Register operands All possible rs1 registers are used. All possible rs2 registers are used. All possible rD registers are used. All possible register combinations where first operand is the destination register of the previous instruction All possible register combinations where second operand is the destination register of the previous instruction | F17: Check against RM | G17: Constrained-Random | H17: see CV32E40Pv2_test_list.xlsx | I17: Functional Coverage | J17: corev_rand_pulp_instr_test pulp_post_increment_load_store | K17: =SUBSTITUTE(DONOTDELETE!$A$14,"INSTR",SUBSTITUTE(LOWER($C17),".","_")) & IF(ISNUMBER(SEARCH("rs2",D17)),CHAR(10) & SUBSTITUTE(DONOTDELETE!$A$17,"INSTR",SUBSTITUTE(LOWER($C17),".","_")),"") | M17: COVERED-GVSOC | N17: corev_rand_pulp_instr_test:A/C2 pulp_post_increment_load_store:A/C1
E18: coverage: All bits of rs1 are toggled All bits of rs2 are toggled All bits of rD are toggled | F18: Check against RM | G18: Constrained-Random | H18: see CV32E40Pv2_test_list.xlsx | I18: Functional Coverage | J18: corev_rand_pulp_instr_test pulp_post_increment_load_store | K18: =SUBSTITUTE(DONOTDELETE!$A$15,"INSTR",SUBSTITUTE(LOWER($C17),".","_")) & IF(ISNUMBER(SEARCH("rs2",D17)),CHAR(10) & SUBSTITUTE(DONOTDELETE!$A$18,"INSTR",SUBSTITUTE(LOWER($C17),".","_")),"") | L18: Toggle is not a requirement of CV32E40Pv2 verification, but the corresponding coverage from the Reference Model Coverage Package exists and is given for reference purposes only | M18: COVERED-GVSOC | N18: corev_rand_pulp_instr_test:A/C2 pulp_post_increment_load_store:A/C1
E19: Constraints: The instructions generated are precedeed by a multicycle F instruction | F19: Check against RM | G19: Constrained-Random | H19: see CV32E40Pv2_test_list.xlsx | I19: Functional Coverage | J19: corev_rand_fp_instr_mlt_cyc_test | M19: COVERED-GVSOC | N19: corev_rand_fp_instr_mlt_cyc_test:A
C20: CV.LBU.RI | D20: cv.lbu rD, rs2(rs1!) rD = Zext(Mem8(rs1)) rs1 += rs2 | E20: Register operands All possible rs1 registers are used. All possible rs2 registers are used. All possible rD registers are used. All possible register combinations where first operand is the destination register of the previous instruction All possible register combinations where second operand is the destination register of the previous instruction | F20: Check against RM | G20: Constrained-Random | H20: see CV32E40Pv2_test_list.xlsx | I20: Functional Coverage | J20: corev_rand_pulp_instr_test pulp_post_increment_load_store | K20: =SUBSTITUTE(DONOTDELETE!$A$14,"INSTR",SUBSTITUTE(LOWER($C20),".","_")) & IF(ISNUMBER(SEARCH("rs2",D20)),CHAR(10) & SUBSTITUTE(DONOTDELETE!$A$17,"INSTR",SUBSTITUTE(LOWER($C20),".","_")),"") | M20: COVERED-GVSOC | N20: corev_rand_pulp_instr_test:A/C2 pulp_post_increment_load_store:A/C1
E21: coverage: All bits of rs1 are toggled All bits of rs2 are toggled All bits of rD are toggled | F21: Check against RM | G21: Constrained-Random | H21: see CV32E40Pv2_test_list.xlsx | I21: Functional Coverage | J21: corev_rand_pulp_instr_test pulp_post_increment_load_store | K21: =SUBSTITUTE(DONOTDELETE!$A$15,"INSTR",SUBSTITUTE(LOWER($C20),".","_")) & IF(ISNUMBER(SEARCH("rs2",D20)),CHAR(10) & SUBSTITUTE(DONOTDELETE!$A$18,"INSTR",SUBSTITUTE(LOWER($C20),".","_")),"") | L21: Toggle is not a requirement of CV32E40Pv2 verification, but the corresponding coverage from the Reference Model Coverage Package exists and is given for reference purposes only | M21: COVERED-GVSOC | N21: corev_rand_pulp_instr_test:A/C2 pulp_post_increment_load_store:A/C1
E22: Constraints: The instructions generated are precedeed by a multicycle F instruction | F22: Check against RM | G22: Constrained-Random | H22: see CV32E40Pv2_test_list.xlsx | I22: Functional Coverage | J22: corev_rand_fp_instr_mlt_cyc_test | M22: COVERED-GVSOC | N22: corev_rand_fp_instr_mlt_cyc_test:A
C23: CV.LH.RI | D23: cv.lh rD, rs2(rs1!) rD = Sext(Mem16(rs1)) rs1 += rs2 | E23: Register operands All possible rs1 registers are used. All possible rs2 registers are used. All possible rD registers are used. All possible register combinations where first operand is the destination register of the previous instruction All possible register combinations where second operand is the destination register of the previous instruction | F23: Check against RM | G23: Constrained-Random | H23: see CV32E40Pv2_test_list.xlsx | I23: Functional Coverage | J23: corev_rand_pulp_instr_test pulp_post_increment_load_store | K23: =SUBSTITUTE(DONOTDELETE!$A$14,"INSTR",SUBSTITUTE(LOWER($C23),".","_")) & IF(ISNUMBER(SEARCH("rs2",D23)),CHAR(10) & SUBSTITUTE(DONOTDELETE!$A$17,"INSTR",SUBSTITUTE(LOWER($C23),".","_")),"") | M23: COVERED-GVSOC | N23: corev_rand_pulp_instr_test:A/C2 pulp_post_increment_load_store:A/C1
E24: coverage: All bits of rs1 are toggled All bits of rs2 are toggled All bits of rD are toggled | F24: Check against RM | G24: Constrained-Random | H24: see CV32E40Pv2_test_list.xlsx | I24: Functional Coverage | J24: corev_rand_pulp_instr_test pulp_post_increment_load_store | K24: =SUBSTITUTE(DONOTDELETE!$A$15,"INSTR",SUBSTITUTE(LOWER($C23),".","_")) & IF(ISNUMBER(SEARCH("rs2",D23)),CHAR(10) & SUBSTITUTE(DONOTDELETE!$A$18,"INSTR",SUBSTITUTE(LOWER($C23),".","_")),"") | L24: Toggle is not a requirement of CV32E40Pv2 verification, but the corresponding coverage from the Reference Model Coverage Package exists and is given for reference purposes only | M24: COVERED-GVSOC | N24: corev_rand_pulp_instr_test:A/C2 pulp_post_increment_load_store:A/C1
E25: Constraints: The instructions generated are precedeed by a multicycle F instruction | F25: Check against RM | G25: Constrained-Random | H25: see CV32E40Pv2_test_list.xlsx | I25: Functional Coverage | J25: corev_rand_fp_instr_mlt_cyc_test | M25: COVERED-GVSOC | N25: corev_rand_fp_instr_mlt_cyc_test:A
C26: CV.LHU.RI | D26: cv.lhu rD, rs2(rs1!) rD = Zext(Mem16(rs1)) rs1 += rs2 | E26: Register operands All possible rs1 registers are used. All possible rs2 registers are used. All possible rD registers are used. All possible register combinations where first operand is the destination register of the previous instruction All possible register combinations where second operand is the destination register of the previous instruction | F26: Check against RM | G26: Constrained-Random | H26: see CV32E40Pv2_test_list.xlsx | I26: Functional Coverage | J26: corev_rand_pulp_instr_test pulp_post_increment_load_store | K26: =SUBSTITUTE(DONOTDELETE!$A$14,"INSTR",SUBSTITUTE(LOWER($C26),".","_")) & IF(ISNUMBER(SEARCH("rs2",D26)),CHAR(10) & SUBSTITUTE(DONOTDELETE!$A$17,"INSTR",SUBSTITUTE(LOWER($C26),".","_")),"") | M26: COVERED-GVSOC | N26: corev_rand_pulp_instr_test:A/C2 pulp_post_increment_load_store:A/C1
E27: coverage: All bits of rs1 are toggled All bits of rs2 are toggled All bits of rD are toggled | F27: Check against RM | G27: Constrained-Random | H27: see CV32E40Pv2_test_list.xlsx | I27: Functional Coverage | J27: corev_rand_pulp_instr_test pulp_post_increment_load_store | K27: =SUBSTITUTE(DONOTDELETE!$A$15,"INSTR",SUBSTITUTE(LOWER($C26),".","_")) & IF(ISNUMBER(SEARCH("rs2",D26)),CHAR(10) & SUBSTITUTE(DONOTDELETE!$A$18,"INSTR",SUBSTITUTE(LOWER($C26),".","_")),"") | L27: Toggle is not a requirement of CV32E40Pv2 verification, but the corresponding coverage from the Reference Model Coverage Package exists and is given for reference purposes only | M27: COVERED-GVSOC | N27: corev_rand_pulp_instr_test:A/C2 pulp_post_increment_load_store:A/C1
E28: Constraints: The instructions generated are precedeed by a multicycle F instruction | F28: Check against RM | G28: Constrained-Random | H28: see CV32E40Pv2_test_list.xlsx | I28: Functional Coverage | J28: corev_rand_fp_instr_mlt_cyc_test | M28: COVERED-GVSOC | N28: corev_rand_fp_instr_mlt_cyc_test:A
C29: CV.LW.RI | D29: cv.lw rD, rs2(rs1!) rD = Mem32(rs1) rs1 += rs2 | E29: Register operands All possible rs1 registers are used. All possible rs2 registers are used. All possible rD registers are used. All possible register combinations where first operand is the destination register of the previous instruction All possible register combinations where second operand is the destination register of the previous instruction | F29: Check against RM | G29: Constrained-Random | H29: see CV32E40Pv2_test_list.xlsx | I29: Functional Coverage | J29: corev_rand_pulp_instr_test pulp_post_increment_load_store | K29: =SUBSTITUTE(DONOTDELETE!$A$14,"INSTR",SUBSTITUTE(LOWER($C29),".","_")) & IF(ISNUMBER(SEARCH("rs2",D29)),CHAR(10) & SUBSTITUTE(DONOTDELETE!$A$17,"INSTR",SUBSTITUTE(LOWER($C29),".","_")),"") | M29: COVERED-GVSOC | N29: corev_rand_pulp_instr_test:A/C2 pulp_post_increment_load_store:A/C1
E30: coverage: All bits of rs1 are toggled All bits of rs2 are toggled All bits of rD are toggled | F30: Check against RM | G30: Constrained-Random | H30: see CV32E40Pv2_test_list.xlsx | I30: Functional Coverage | J30: corev_rand_pulp_instr_test pulp_post_increment_load_store | K30: =SUBSTITUTE(DONOTDELETE!$A$15,"INSTR",SUBSTITUTE(LOWER($C29),".","_")) & IF(ISNUMBER(SEARCH("rs2",D29)),CHAR(10) & SUBSTITUTE(DONOTDELETE!$A$18,"INSTR",SUBSTITUTE(LOWER($C29),".","_")),"") | L30: Toggle is not a requirement of CV32E40Pv2 verification, but the corresponding coverage from the Reference Model Coverage Package exists and is given for reference purposes only | M30: COVERED-GVSOC | N30: corev_rand_pulp_instr_test:A/C2 pulp_post_increment_load_store:A/C1
E31: Constraints: The instructions generated are precedeed by a multicycle F instruction | F31: Check against RM | G31: Constrained-Random | H31: see CV32E40Pv2_test_list.xlsx | I31: Functional Coverage | J31: corev_rand_fp_instr_mlt_cyc_test | M31: COVERED-GVSOC | N31: corev_rand_fp_instr_mlt_cyc_test:A
B32: Load Operations - Register-Register Loads | C32: CV.LB.R | D32: cv.lb rD, rs2, rs1 rD = Sext(mem8(rs1 + rs2)) | E32: Register operands All possible rs1 registers are used. All possible rs2 registers are used. All possible rD registers are used. All possible register combinations where first operand is the destination register of the previous instruction All possible register combinations where second operand is the destination register of the previous instruction | F32: Check against RM | G32: Constrained-Random | H32: see CV32E40Pv2_test_list.xlsx | I32: Functional Coverage | J32: corev_rand_pulp_instr_test pulp_post_increment_load_store | K32: =SUBSTITUTE(DONOTDELETE!$A$14,"INSTR",SUBSTITUTE(LOWER($C32),".","_")) & IF(ISNUMBER(SEARCH("rs2",D32)),CHAR(10) & SUBSTITUTE(DONOTDELETE!$A$17,"INSTR",SUBSTITUTE(LOWER($C32),".","_")),"") | M32: COVERED-GVSOC | N32: corev_rand_pulp_instr_test:A/C2 pulp_post_increment_load_store:A/C1
E33: coverage: All bits of rs1 are toggled All bits of rs2 are toggled All bits of rD are toggled | F33: Check against RM | G33: Constrained-Random | H33: see CV32E40Pv2_test_list.xlsx | I33: Functional Coverage | J33: corev_rand_pulp_instr_test pulp_post_increment_load_store | K33: =SUBSTITUTE(DONOTDELETE!$A$15,"INSTR",SUBSTITUTE(LOWER($C32),".","_")) & IF(ISNUMBER(SEARCH("rs2",D32)),CHAR(10) & SUBSTITUTE(DONOTDELETE!$A$18,"INSTR",SUBSTITUTE(LOWER($C32),".","_")),"") | L33: Toggle is not a requirement of CV32E40Pv2 verification, but the corresponding coverage from the Reference Model Coverage Package exists and is given for reference purposes only | M33: COVERED-GVSOC | N33: corev_rand_pulp_instr_test:A/C2 pulp_post_increment_load_store:A/C1
E34: Constraints: The instructions generated are precedeed by a multicycle F instruction | F34: Check against RM | G34: Constrained-Random | H34: see CV32E40Pv2_test_list.xlsx | I34: Functional Coverage | J34: corev_rand_fp_instr_mlt_cyc_test | M34: COVERED-GVSOC | N34: corev_rand_fp_instr_mlt_cyc_test:A
C35: CV.LBU.R | D35: cv.lbu rD, rs2(rs1!) rD = Zext(Mem8(rs1)) | E35: Register operands All possible rs1 registers are used. All possible rs2 registers are used. All possible rD registers are used. All possible register combinations where first operand is the destination register of the previous instruction All possible register combinations where second operand is the destination register of the previous instruction | F35: Check against RM | G35: Constrained-Random | H35: see CV32E40Pv2_test_list.xlsx | I35: Functional Coverage | J35: corev_rand_pulp_instr_test pulp_post_increment_load_store | K35: =SUBSTITUTE(DONOTDELETE!$A$14,"INSTR",SUBSTITUTE(LOWER($C35),".","_")) & IF(ISNUMBER(SEARCH("rs2",D35)),CHAR(10) & SUBSTITUTE(DONOTDELETE!$A$17,"INSTR",SUBSTITUTE(LOWER($C35),".","_")),"") | M35: COVERED-GVSOC | N35: corev_rand_pulp_instr_test:A/C2 pulp_post_increment_load_store:A/C1
E36: coverage: All bits of rs1 are toggled All bits of rs2 are toggled All bits of rD are toggled | F36: Check against RM | G36: Constrained-Random | H36: see CV32E40Pv2_test_list.xlsx | I36: Functional Coverage | J36: corev_rand_pulp_instr_test pulp_post_increment_load_store | K36: =SUBSTITUTE(DONOTDELETE!$A$15,"INSTR",SUBSTITUTE(LOWER($C35),".","_")) & IF(ISNUMBER(SEARCH("rs2",D35)),CHAR(10) & SUBSTITUTE(DONOTDELETE!$A$18,"INSTR",SUBSTITUTE(LOWER($C35),".","_")),"") | L36: Toggle is not a requirement of CV32E40Pv2 verification, but the corresponding coverage from the Reference Model Coverage Package exists and is given for reference purposes only | M36: COVERED-GVSOC | N36: corev_rand_pulp_instr_test:A/C2 pulp_post_increment_load_store:A/C1
E37: Constraints: The instructions generated are precedeed by a multicycle F instruction | F37: Check against RM | G37: Constrained-Random | H37: see CV32E40Pv2_test_list.xlsx | I37: Functional Coverage | J37: corev_rand_fp_instr_mlt_cyc_test | M37: COVERED-GVSOC | N37: corev_rand_fp_instr_mlt_cyc_test:A
C38: CV.LH.R | D38: cv.lh rD, rs2(rs1!) rD = Sext(Mem16(rs1)) | E38: Register operands All possible rs1 registers are used. All possible rs2 registers are used. All possible rD registers are used. All possible register combinations where first operand is the destination register of the previous instruction All possible register combinations where second operand is the destination register of the previous instruction | F38: Check against RM | G38: Constrained-Random | H38: see CV32E40Pv2_test_list.xlsx | I38: Functional Coverage | J38: corev_rand_pulp_instr_test pulp_post_increment_load_store | K38: =SUBSTITUTE(DONOTDELETE!$A$14,"INSTR",SUBSTITUTE(LOWER($C38),".","_")) & IF(ISNUMBER(SEARCH("rs2",D38)),CHAR(10) & SUBSTITUTE(DONOTDELETE!$A$17,"INSTR",SUBSTITUTE(LOWER($C38),".","_")),"") | M38: COVERED-GVSOC | N38: corev_rand_pulp_instr_test:A/C2 pulp_post_increment_load_store:A/C1
E39: coverage: All bits of rs1 are toggled All bits of rs2 are toggled All bits of rD are toggled | F39: Check against RM | G39: Constrained-Random | H39: see CV32E40Pv2_test_list.xlsx | I39: Functional Coverage | J39: corev_rand_pulp_instr_test pulp_post_increment_load_store | K39: =SUBSTITUTE(DONOTDELETE!$A$15,"INSTR",SUBSTITUTE(LOWER($C38),".","_")) & IF(ISNUMBER(SEARCH("rs2",D38)),CHAR(10) & SUBSTITUTE(DONOTDELETE!$A$18,"INSTR",SUBSTITUTE(LOWER($C38),".","_")),"") | L39: Toggle is not a requirement of CV32E40Pv2 verification, but the corresponding coverage from the Reference Model Coverage Package exists and is given for reference purposes only | M39: COVERED-GVSOC | N39: corev_rand_pulp_instr_test:A/C2 pulp_post_increment_load_store:A/C1
E40: Constraints: The instructions generated are precedeed by a multicycle F instruction | F40: Check against RM | G40: Constrained-Random | H40: see CV32E40Pv2_test_list.xlsx | I40: Functional Coverage | J40: corev_rand_fp_instr_mlt_cyc_test | M40: COVERED-GVSOC | N40: corev_rand_fp_instr_mlt_cyc_test:A
C41: CV.LHU.R | D41: cv.lhu rD, rs2(rs1!) rD = Zext(Mem16(rs1)) | E41: Register operands All possible rs1 registers are used. All possible rs2 registers are used. All possible rD registers are used. All possible register combinations where first operand is the destination register of the previous instruction All possible register combinations where second operand is the destination register of the previous instruction | F41: Check against RM | G41: Constrained-Random | H41: see CV32E40Pv2_test_list.xlsx | I41: Functional Coverage | J41: corev_rand_pulp_instr_test pulp_post_increment_load_store | K41: =SUBSTITUTE(DONOTDELETE!$A$14,"INSTR",SUBSTITUTE(LOWER($C41),".","_")) & IF(ISNUMBER(SEARCH("rs2",D41)),CHAR(10) & SUBSTITUTE(DONOTDELETE!$A$17,"INSTR",SUBSTITUTE(LOWER($C41),".","_")),"") | M41: COVERED-GVSOC | N41: corev_rand_pulp_instr_test:A/C2 pulp_post_increment_load_store:A/C1
E42: coverage: All bits of rs1 are toggled All bits of rs2 are toggled All bits of rD are toggled | F42: Check against RM | G42: Constrained-Random | H42: see CV32E40Pv2_test_list.xlsx | I42: Functional Coverage | J42: corev_rand_pulp_instr_test pulp_post_increment_load_store | K42: =SUBSTITUTE(DONOTDELETE!$A$15,"INSTR",SUBSTITUTE(LOWER($C41),".","_")) & IF(ISNUMBER(SEARCH("rs2",D41)),CHAR(10) & SUBSTITUTE(DONOTDELETE!$A$18,"INSTR",SUBSTITUTE(LOWER($C41),".","_")),"") | L42: Toggle is not a requirement of CV32E40Pv2 verification, but the corresponding coverage from the Reference Model Coverage Package exists and is given for reference purposes only | M42: COVERED-GVSOC | N42: corev_rand_pulp_instr_test:A/C2 pulp_post_increment_load_store:A/C1
E43: Constraints: The instructions generated are precedeed by a multicycle F instruction | F43: Check against RM | G43: Constrained-Random | H43: see CV32E40Pv2_test_list.xlsx | I43: Functional Coverage | J43: corev_rand_fp_instr_mlt_cyc_test | M43: COVERED-GVSOC | N43: corev_rand_fp_instr_mlt_cyc_test:A
C44: CV.LW.R | D44: cv.lw rD, rs2(rs1!) rD = Mem32(rs1) | E44: Register operands All possible rs1 registers are used. All possible rs2 registers are used. All possible rD registers are used. All possible register combinations where first operand is the destination register of the previous instruction All possible register combinations where second operand is the destination register of the previous instruction | F44: Check against RM | G44: Constrained-Random | H44: see CV32E40Pv2_test_list.xlsx | I44: Functional Coverage | J44: corev_rand_pulp_instr_test pulp_post_increment_load_store | K44: =SUBSTITUTE(DONOTDELETE!$A$14,"INSTR",SUBSTITUTE(LOWER($C44),".","_")) & IF(ISNUMBER(SEARCH("rs2",D44)),CHAR(10) & SUBSTITUTE(DONOTDELETE!$A$17,"INSTR",SUBSTITUTE(LOWER($C44),".","_")),"") | M44: COVERED-GVSOC | N44: corev_rand_pulp_instr_test:A/C2 pulp_post_increment_load_store:A/C1
E45: coverage: All bits of rs1 are toggled All bits of rs2 are toggled All bits of rD are toggled | F45: Check against RM | G45: Constrained-Random | H45: see CV32E40Pv2_test_list.xlsx | I45: Functional Coverage | J45: corev_rand_pulp_instr_test pulp_post_increment_load_store | K45: =SUBSTITUTE(DONOTDELETE!$A$15,"INSTR",SUBSTITUTE(LOWER($C44),".","_")) & IF(ISNUMBER(SEARCH("rs2",D44)),CHAR(10) & SUBSTITUTE(DONOTDELETE!$A$18,"INSTR",SUBSTITUTE(LOWER($C44),".","_")),"") | L45: Toggle is not a requirement of CV32E40Pv2 verification, but the corresponding coverage from the Reference Model Coverage Package exists and is given for reference purposes only | M45: COVERED-GVSOC | N45: corev_rand_pulp_instr_test:A/C2 pulp_post_increment_load_store:A/C1
E46: Constraints: The instructions generated are precedeed by a multicycle F instruction | F46: Check against RM | G46: Constrained-Random | H46: see CV32E40Pv2_test_list.xlsx | I46: Functional Coverage | J46: corev_rand_fp_instr_mlt_cyc_test | M46: COVERED-GVSOC | N46: corev_rand_fp_instr_mlt_cyc_test:A
A47: CV32E40P User Manual - Chapter 18.1.2 | B47: Register-Immediate Stores with Post-Increment | C47: CV.SB.II | D47: cv.sb rs2, Imm(rs1!) Mem8(rs1) = rs2 rs1 += Sext(Imm[11:0]) | E47: Register operands All possible rs1 registers are used. All possible rD registers are used. All possible register combinations where first operand is the destination register of the previous instruction | F47: Check against RM | G47: Constrained-Random | H47: see CV32E40Pv2_test_list.xlsx | I47: Functional Coverage | J47: corev_rand_pulp_instr_test pulp_post_increment_load_store | K47: =SUBSTITUTE(DONOTDELETE!$A$14,"INSTR",SUBSTITUTE(LOWER($C47),".","_")) & IF(ISNUMBER(SEARCH("rs2",D47)),CHAR(10) & SUBSTITUTE(DONOTDELETE!$A$17,"INSTR",SUBSTITUTE(LOWER($C47),".","_")),"") | M47: COVERED-GVSOC | N47: corev_rand_pulp_instr_test:A/C2 pulp_post_increment_load_store:A/C1
E48: coverage: All bits of rs1 are toggled All bits of Imm12 are toggled All bits of rD are toggled | F48: Check against RM | G48: Constrained-Random | H48: see CV32E40Pv2_test_list.xlsx | I48: Functional Coverage | J48: corev_rand_pulp_instr_test pulp_post_increment_load_store | K48: =SUBSTITUTE(DONOTDELETE!$A$15,"INSTR",SUBSTITUTE(LOWER($C47),".","_")) & IF(ISNUMBER(SEARCH("rs2",D47)),CHAR(10) & SUBSTITUTE(DONOTDELETE!$A$18,"INSTR",SUBSTITUTE(LOWER($C47),".","_")),"") | L48: Toggle is not a requirement of CV32E40Pv2 verification, but the corresponding coverage from the Reference Model Coverage Package exists and is given for reference purposes only. Immediate toggle coverage is missing from Reference Model Coverage Package. | M48: COVERED-GVSOC | N48: corev_rand_pulp_instr_test:A/C2 pulp_post_increment_load_store:A/C1
E49: Constraints: The instructions generated are precedeed by a multicycle F instruction | F49: Check against RM | G49: Constrained-Random | H49: see CV32E40Pv2_test_list.xlsx | I49: Functional Coverage | J49: corev_rand_fp_instr_mlt_cyc_test | M49: COVERED-GVSOC | N49: corev_rand_fp_instr_mlt_cyc_test:A
C50: CV.SH.II | D50: cv.sh rs2, Imm(rs1!) Mem16(rs1) = rs2 rs1 += Sext(Imm[11:0]) | E50: Register operands All possible rs1 registers are used. All possible rD registers are used. All possible register combinations where first operand is the destination register of the previous instruction | F50: Check against RM | G50: Constrained-Random | H50: see CV32E40Pv2_test_list.xlsx | I50: Functional Coverage | J50: corev_rand_pulp_instr_test pulp_post_increment_load_store | K50: =SUBSTITUTE(DONOTDELETE!$A$14,"INSTR",SUBSTITUTE(LOWER($C50),".","_")) & IF(ISNUMBER(SEARCH("rs2",D50)),CHAR(10) & SUBSTITUTE(DONOTDELETE!$A$17,"INSTR",SUBSTITUTE(LOWER($C50),".","_")),"") | M50: COVERED-GVSOC | N50: corev_rand_pulp_instr_test:A/C2 pulp_post_increment_load_store:A/C1
E51: coverage: All bits of rs1 are toggled All bits of Imm12 are toggled All bits of rD are toggled | F51: Check against RM | G51: Constrained-Random | H51: see CV32E40Pv2_test_list.xlsx | I51: Functional Coverage | J51: corev_rand_pulp_instr_test pulp_post_increment_load_store | K51: =SUBSTITUTE(DONOTDELETE!$A$15,"INSTR",SUBSTITUTE(LOWER($C50),".","_")) & IF(ISNUMBER(SEARCH("rs2",D50)),CHAR(10) & SUBSTITUTE(DONOTDELETE!$A$18,"INSTR",SUBSTITUTE(LOWER($C50),".","_")),"") | L51: Toggle is not a requirement of CV32E40Pv2 verification, but the corresponding coverage from the Reference Model Coverage Package exists and is given for reference purposes only. Immediate toggle coverage is missing from Reference Model Coverage Package. | M51: COVERED-GVSOC | N51: corev_rand_pulp_instr_test:A/C2 pulp_post_increment_load_store:A/C1
E52: Constraints: The instructions generated are precedeed by a multicycle F instruction | F52: Check against RM | G52: Constrained-Random | H52: see CV32E40Pv2_test_list.xlsx | I52: Functional Coverage | J52: corev_rand_fp_instr_mlt_cyc_test | M52: COVERED-GVSOC | N52: corev_rand_fp_instr_mlt_cyc_test:A
C53: CV.SW.II | D53: cv.sw rs2, Imm(rs1!) Mem32(rs1) = rs2 rs1 += Sext(Imm[11:0]) | E53: Register operands All possible rs1 registers are used. All possible rD registers are used. All possible register combinations where first operand is the destination register of the previous instruction | F53: Check against RM | G53: Constrained-Random | H53: see CV32E40Pv2_test_list.xlsx | I53: Functional Coverage | J53: corev_rand_pulp_instr_test pulp_post_increment_load_store | K53: =SUBSTITUTE(DONOTDELETE!$A$14,"INSTR",SUBSTITUTE(LOWER($C53),".","_")) & IF(ISNUMBER(SEARCH("rs2",D53)),CHAR(10) & SUBSTITUTE(DONOTDELETE!$A$17,"INSTR",SUBSTITUTE(LOWER($C53),".","_")),"") | M53: COVERED-GVSOC | N53: corev_rand_pulp_instr_test:A/C2 pulp_post_increment_load_store:A/C1
E54: coverage: All bits of rs1 are toggled All bits of Imm12 are toggled All bits of rD are toggled | F54: Check against RM | G54: Constrained-Random | H54: see CV32E40Pv2_test_list.xlsx | I54: Functional Coverage | J54: corev_rand_pulp_instr_test pulp_post_increment_load_store | K54: =SUBSTITUTE(DONOTDELETE!$A$15,"INSTR",SUBSTITUTE(LOWER($C53),".","_")) & IF(ISNUMBER(SEARCH("rs2",D53)),CHAR(10) & SUBSTITUTE(DONOTDELETE!$A$18,"INSTR",SUBSTITUTE(LOWER($C53),".","_")),"") | L54: Toggle is not a requirement of CV32E40Pv2 verification, but the corresponding coverage from the Reference Model Coverage Package exists and is given for reference purposes only. Immediate toggle coverage is missing from Reference Model Coverage Package. | M54: COVERED-GVSOC | N54: corev_rand_pulp_instr_test:A/C2 pulp_post_increment_load_store:A/C1
E55: Constraints: The instructions generated are precedeed by a multicycle F instruction | F55: Check against RM | G55: Constrained-Random | H55: see CV32E40Pv2_test_list.xlsx | I55: Functional Coverage | J55: corev_rand_fp_instr_mlt_cyc_test | M55: COVERED-GVSOC | N55: corev_rand_fp_instr_mlt_cyc_test:A
B56: Register-Register Stores with Post-Increment | C56: CV.SB.RI | D56: cv.sb rs2, rs3(rs1!) Mem8(rs1) = rs2 rs1 += rs3 | E56: Register operands All possible rs1 registers are used. All possible rs2 registers are used. All possible rD registers are used. All possible register combinations where first operand is the destination register of the previous instruction All possible register combinations where second operand is the destination register of the previous instruction | F56: Check against RM | G56: Constrained-Random | H56: see CV32E40Pv2_test_list.xlsx | I56: Functional Coverage | J56: corev_rand_pulp_instr_test pulp_post_increment_load_store | K56: =SUBSTITUTE(DONOTDELETE!$A$14,"INSTR",SUBSTITUTE(LOWER($C56),".","_")) & IF(ISNUMBER(SEARCH("rs2",D56)),CHAR(10) & SUBSTITUTE(DONOTDELETE!$A$17,"INSTR",SUBSTITUTE(LOWER($C56),".","_")),"") | M56: COVERED-GVSOC | N56: corev_rand_pulp_instr_test:A/C2 pulp_post_increment_load_store:A/C1
E57: coverage: All bits of rs1 are toggled All bits of rs2 are toggled All bits of rD are toggled | F57: Check against RM | G57: Constrained-Random | H57: see CV32E40Pv2_test_list.xlsx | I57: Functional Coverage | J57: corev_rand_pulp_instr_test pulp_post_increment_load_store | K57: =SUBSTITUTE(DONOTDELETE!$A$15,"INSTR",SUBSTITUTE(LOWER($C56),".","_")) & IF(ISNUMBER(SEARCH("rs2",D56)),CHAR(10) & SUBSTITUTE(DONOTDELETE!$A$18,"INSTR",SUBSTITUTE(LOWER($C56),".","_")),"") | L57: Toggle is not a requirement of CV32E40Pv2 verification, but the corresponding coverage from the Reference Model Coverage Package exists and is given for reference purposes only | M57: COVERED-GVSOC | N57: corev_rand_pulp_instr_test:A/C2 pulp_post_increment_load_store:A/C1
E58: Constraints: The instructions generated are precedeed by a multicycle F instruction | F58: Check against RM | G58: Constrained-Random | H58: see CV32E40Pv2_test_list.xlsx | I58: Functional Coverage | J58: corev_rand_fp_instr_mlt_cyc_test | M58: COVERED-GVSOC | N58: corev_rand_fp_instr_mlt_cyc_test:A
C59: CV.SH.RI | D59: cv.sh rs2, rs3(rs1!) Mem16(rs1) = rs2 rs1 += rs3 | E59: Register operands All possible rs1 registers are used. All possible rs2 registers are used. All possible rD registers are used. All possible register combinations where first operand is the destination register of the previous instruction All possible register combinations where second operand is the destination register of the previous instruction | F59: Check against RM | G59: Constrained-Random | H59: see CV32E40Pv2_test_list.xlsx | I59: Functional Coverage | J59: corev_rand_pulp_instr_test pulp_post_increment_load_store | K59: =SUBSTITUTE(DONOTDELETE!$A$14,"INSTR",SUBSTITUTE(LOWER($C59),".","_")) & IF(ISNUMBER(SEARCH("rs2",D59)),CHAR(10) & SUBSTITUTE(DONOTDELETE!$A$17,"INSTR",SUBSTITUTE(LOWER($C59),".","_")),"") | M59: COVERED-GVSOC | N59: corev_rand_pulp_instr_test:A/C2 pulp_post_increment_load_store:A/C1
E60: coverage: All bits of rs1 are toggled All bits of rs2 are toggled All bits of rD are toggled | F60: Check against RM | G60: Constrained-Random | H60: see CV32E40Pv2_test_list.xlsx | I60: Functional Coverage | J60: corev_rand_pulp_instr_test pulp_post_increment_load_store | K60: =SUBSTITUTE(DONOTDELETE!$A$15,"INSTR",SUBSTITUTE(LOWER($C59),".","_")) & IF(ISNUMBER(SEARCH("rs2",D59)),CHAR(10) & SUBSTITUTE(DONOTDELETE!$A$18,"INSTR",SUBSTITUTE(LOWER($C59),".","_")),"") | L60: Toggle is not a requirement of CV32E40Pv2 verification, but the corresponding coverage from the Reference Model Coverage Package exists and is given for reference purposes only | M60: COVERED-GVSOC | N60: corev_rand_pulp_instr_test:A/C2 pulp_post_increment_load_store:A/C1
E61: Constraints: The instructions generated are precedeed by a multicycle F instruction | F61: Check against RM | G61: Constrained-Random | H61: see CV32E40Pv2_test_list.xlsx | I61: Functional Coverage | J61: corev_rand_fp_instr_mlt_cyc_test | M61: COVERED-GVSOC | N61: corev_rand_fp_instr_mlt_cyc_test:A
C62: CV.SW.RI | D62: cv.sw rs2, rs3(rs1!) Mem32(rs1) = rs2 rs1 += rs3 | E62: Register operands All possible rs1 registers are used. All possible rs2 registers are used. All possible rD registers are used. All possible register combinations where first operand is the destination register of the previous instruction All possible register combinations where second operand is the destination register of the previous instruction | F62: Check against RM | G62: Constrained-Random | H62: see CV32E40Pv2_test_list.xlsx | I62: Functional Coverage | J62: corev_rand_pulp_instr_test pulp_post_increment_load_store | K62: =SUBSTITUTE(DONOTDELETE!$A$14,"INSTR",SUBSTITUTE(LOWER($C62),".","_")) & IF(ISNUMBER(SEARCH("rs2",D62)),CHAR(10) & SUBSTITUTE(DONOTDELETE!$A$17,"INSTR",SUBSTITUTE(LOWER($C62),".","_")),"") | M62: COVERED-GVSOC | N62: corev_rand_pulp_instr_test:A/C2 pulp_post_increment_load_store:A/C1
E63: coverage: All bits of rs1 are toggled All bits of rs2 are toggled All bits of rD are toggled | F63: Check against RM | G63: Constrained-Random | H63: see CV32E40Pv2_test_list.xlsx | I63: Functional Coverage | J63: corev_rand_pulp_instr_test pulp_post_increment_load_store | K63: =SUBSTITUTE(DONOTDELETE!$A$15,"INSTR",SUBSTITUTE(LOWER($C62),".","_")) & IF(ISNUMBER(SEARCH("rs2",D62)),CHAR(10) & SUBSTITUTE(DONOTDELETE!$A$18,"INSTR",SUBSTITUTE(LOWER($C62),".","_")),"") | L63: Toggle is not a requirement of CV32E40Pv2 verification, but the corresponding coverage from the Reference Model Coverage Package exists and is given for reference purposes only | M63: COVERED-GVSOC | N63: corev_rand_pulp_instr_test:A/C2 pulp_post_increment_load_store:A/C1
E64: Constraints: The instructions generated are precedeed by a multicycle F instruction | F64: Check against RM | G64: Constrained-Random | H64: see CV32E40Pv2_test_list.xlsx | I64: Functional Coverage | J64: corev_rand_fp_instr_mlt_cyc_test | M64: COVERED-GVSOC | N64: corev_rand_fp_instr_mlt_cyc_test:A
B65: Register-Register Stores | C65: CV.SB.R | D65: cv.sb rs2, rs3(rs1!) Mem8(rs1) = rs2 | E65: Register operands All possible rs1 registers are used. All possible rs2 registers are used. All possible rD registers are used. All possible register combinations where first operand is the destination register of the previous instruction All possible register combinations where second operand is the destination register of the previous instruction | F65: Check against RM | G65: Constrained-Random | H65: see CV32E40Pv2_test_list.xlsx | I65: Functional Coverage | J65: corev_rand_pulp_instr_test pulp_post_increment_load_store | K65: =SUBSTITUTE(DONOTDELETE!$A$14,"INSTR",SUBSTITUTE(LOWER($C65),".","_")) & IF(ISNUMBER(SEARCH("rs2",D65)),CHAR(10) & SUBSTITUTE(DONOTDELETE!$A$17,"INSTR",SUBSTITUTE(LOWER($C65),".","_")),"") | M65: COVERED-GVSOC | N65: corev_rand_pulp_instr_test:A/C2 pulp_post_increment_load_store:A/C1
E66: coverage: All bits of rs1 are toggled All bits of rs2 are toggled All bits of rD are toggled | F66: Check against RM | G66: Constrained-Random | H66: see CV32E40Pv2_test_list.xlsx | I66: Functional Coverage | J66: corev_rand_pulp_instr_test pulp_post_increment_load_store | K66: =SUBSTITUTE(DONOTDELETE!$A$15,"INSTR",SUBSTITUTE(LOWER($C65),".","_")) & IF(ISNUMBER(SEARCH("rs2",D65)),CHAR(10) & SUBSTITUTE(DONOTDELETE!$A$18,"INSTR",SUBSTITUTE(LOWER($C65),".","_")),"") | L66: Toggle is not a requirement of CV32E40Pv2 verification, but the corresponding coverage from the Reference Model Coverage Package exists and is given for reference purposes only | M66: COVERED-GVSOC | N66: corev_rand_pulp_instr_test:A/C2 pulp_post_increment_load_store:A/C1
E67: Constraints: The instructions generated are precedeed by a multicycle F instruction | F67: Check against RM | G67: Constrained-Random | H67: see CV32E40Pv2_test_list.xlsx | I67: Functional Coverage | J67: corev_rand_fp_instr_mlt_cyc_test | M67: COVERED-GVSOC | N67: corev_rand_fp_instr_mlt_cyc_test:A
C68: CV.SH.R | D68: cv.sh rs2, rs3(rs1!) Mem16(rs1) = rs2 | E68: Register operands All possible rs1 registers are used. All possible rs2 registers are used. All possible rD registers are used. All possible register combinations where first operand is the destination register of the previous instruction All possible register combinations where second operand is the destination register of the previous instruction | F68: Check against RM | G68: Constrained-Random | H68: see CV32E40Pv2_test_list.xlsx | I68: Functional Coverage | J68: corev_rand_pulp_instr_test pulp_post_increment_load_store | K68: =SUBSTITUTE(DONOTDELETE!$A$14,"INSTR",SUBSTITUTE(LOWER($C68),".","_")) & IF(ISNUMBER(SEARCH("rs2",D68)),CHAR(10) & SUBSTITUTE(DONOTDELETE!$A$17,"INSTR",SUBSTITUTE(LOWER($C68),".","_")),"") | M68: COVERED-GVSOC | N68: corev_rand_pulp_instr_test:A/C2 pulp_post_increment_load_store:A/C1
E69: coverage: All bits of rs1 are toggled All bits of rs2 are toggled All bits of rD are toggled | F69: Check against RM | G69: Constrained-Random | H69: see CV32E40Pv2_test_list.xlsx | I69: Functional Coverage | J69: corev_rand_pulp_instr_test pulp_post_increment_load_store | K69: =SUBSTITUTE(DONOTDELETE!$A$15,"INSTR",SUBSTITUTE(LOWER($C68),".","_")) & IF(ISNUMBER(SEARCH("rs2",D68)),CHAR(10) & SUBSTITUTE(DONOTDELETE!$A$18,"INSTR",SUBSTITUTE(LOWER($C68),".","_")),"") | L69: Toggle is not a requirement of CV32E40Pv2 verification, but the corresponding coverage from the Reference Model Coverage Package exists and is given for reference purposes only | M69: COVERED-GVSOC | N69: corev_rand_pulp_instr_test:A/C2 pulp_post_increment_load_store:A/C1
E70: Constraints: The instructions generated are precedeed by a multicycle F instruction | F70: Check against RM | G70: Constrained-Random | H70: see CV32E40Pv2_test_list.xlsx | I70: Functional Coverage | J70: corev_rand_fp_instr_mlt_cyc_test | M70: COVERED-GVSOC | N70: corev_rand_fp_instr_mlt_cyc_test:A
C71: CV.SW.R | D71: cv.sw rs2, rs3(rs1!) Mem32(rs1) = rs2 | E71: Register operands All possible rs1 registers are used. All possible rs2 registers are used. All possible rD registers are used. All possible register combinations where first operand is the destination register of the previous instruction All possible register combinations where second operand is the destination register of the previous instruction | F71: Check against RM | G71: Constrained-Random | H71: see CV32E40Pv2_test_list.xlsx | I71: Functional Coverage | J71: corev_rand_pulp_instr_test pulp_post_increment_load_store | K71: =SUBSTITUTE(DONOTDELETE!$A$14,"INSTR",SUBSTITUTE(LOWER($C71),".","_")) & IF(ISNUMBER(SEARCH("rs2",D71)),CHAR(10) & SUBSTITUTE(DONOTDELETE!$A$17,"INSTR",SUBSTITUTE(LOWER($C71),".","_")),"") | M71: COVERED-GVSOC | N71: corev_rand_pulp_instr_test:A/C2 pulp_post_increment_load_store:A/C1
E72: coverage: All bits of rs1 are toggled All bits of rs2 are toggled All bits of rD are toggled | F72: Check against RM | G72: Constrained-Random | H72: see CV32E40Pv2_test_list.xlsx | I72: Functional Coverage | J72: corev_rand_pulp_instr_test pulp_post_increment_load_store | K72: =SUBSTITUTE(DONOTDELETE!$A$15,"INSTR",SUBSTITUTE(LOWER($C71),".","_")) & IF(ISNUMBER(SEARCH("rs2",D71)),CHAR(10) & SUBSTITUTE(DONOTDELETE!$A$18,"INSTR",SUBSTITUTE(LOWER($C71),".","_")),"") | L72: Toggle is not a requirement of CV32E40Pv2 verification, but the corresponding coverage from the Reference Model Coverage Package exists and is given for reference purposes only | M72: COVERED-GVSOC | N72: corev_rand_pulp_instr_test:A/C2 pulp_post_increment_load_store:A/C1
E73: Constraints: The instructions generated are precedeed by a multicycle F instruction | F73: Check against RM | G73: Constrained-Random | H73: see CV32E40Pv2_test_list.xlsx | I73: Functional Coverage | J73: corev_rand_fp_instr_mlt_cyc_test | M73: COVERED-GVSOC | N73: corev_rand_fp_instr_mlt_cyc_test:A

Sheet DONOTDELETE
A1: Pass/Fail Criteria | C1: Test Type | E1: Coverage Method
A2: Self Checking Test | C2: RISC-V Compliance | E2: Testcase
A3: Signature Check | C3: OpenHW Compliance | E3: Functional Coverage
A4: Check against ISS | C4: Directed Self-Checking | E4: Assertion Coverage
A5: Check against RM | C5: Directed Non-Self-Checking | E5: Code Coverage
A6: Assertion Check | C6: Constrained-Random
A7: Other | C7: Other
A14: CG: RISCV_coverage_pkg.RISCV_coverage__1.INSTR_cg.cp_rs1 CG: RISCV_coverage_pkg.RISCV_coverage__1.INSTR_cg.cp_gpr_hazard[RAW_HAZARD] CG: RISCV_coverage_pkg.RISCV_coverage__1.INSTR_cg.cp_rd
A15: CG: RISCV_coverage_pkg.RISCV_coverage__1.INSTR_cg.cp_rd_toggle CG: RISCV_coverage_pkg.RISCV_coverage__1.INSTR_cg.cp_rs1_toggle
A17: CG: RISCV_coverage_pkg.RISCV_coverage__1.INSTR_cg.cp_rs2
A18: CG: RISCV_coverage_pkg.RISCV_coverage__1.INSTR_cg.cp_rs2_toggle

Sheet GVSOC_provenance
A1: GVSOC ISS parity annotation
A3: Data audit | B3: 2026-08-12
A4: Reference model | B4: GVSOC iss_v2 (RVVI DPI step-and-compare), sostituisce ImperasDV nella stessa TB
A5: Revisione ISS | B5: core 9f275f6f / pulp 66b648a / gvsoc 3401620 / gvsoc_rvvi f2a6adc / cvv 2b9d33a1d
A6: Evidenza | B6: quick_val full gate 2026-08-11: 155 PASS / 0 FAIL / 3 known-fail / 2 skip - evidenza /data2/marco.paci/validation-evidence/quickval_gate_20260811_c2/
A7: Metodo | B7: Colonne GVSOC affiancate al tracciamento originale; item-level da CV32E40Pv2_test_list + lane quick_val (160 lane, 4 config)
